ID,Name,Age,Salary
1,John,30,50000
2,Alice,25,60000
3,Bob,28,55000
4,Eve,32,70000
5,Lisa,27,58000
6,Michael,35,65000
7,Susan,29,53000
8,David,31,72000
9,Emily,26,61000
10,William,33,54000
11,Sophia,24,49000
12,James,28,57000
13,Olivia,30,59000
14,Liam,27,68000
15,Emma,29,54000
16,Charlotte,32,62000
17,Noah,31,58000
18,Isabella,26,64000
19,Ethan,25,70000
20,Mia,33,51000
21,Aiden,28,56000
22,Ella,30,53000
23,Amelia,27,62000
24,Lucas,29,58000
25,Avery,31,60000
26,Abigail,24,67000
27,Harper,26,52000
28,Logan,30,54000
29,Grace,32,59000
30,Jackson,27,63000
31,Scarlett,29,55000
32,Sebastian,33,57000
33,Chloe,28,61000
34,Carter,25,58000
35,Addison,31,54000
36,Oliver,26,64000
37,Lily,30,56000
38,Alexander,28,59000
39,Hannah,29,62000
40,Levi,27,60000
